{"Accuracy": 0.1, "image_quantity_level-Accuracy": {"Few": 0.95, "Medium": 0.06153846153846154, "Many": 0.029411764705882353}, "image_quantity_level-Result": {"Few": [19, 20], "Medium": [8, 130], "Many": [5, 170]}}