{"Rouge-L f": 0.051292281779280746, "image_quantity_level-Accuracy": {"Few": 0.051292281779280746, "Medium": 0, "Many": 0}, "image_quantity_level-Result": {"Few": [10.258456355856154, 200], "Medium": [0, 0], "Many": [0, 0]}}