{"Accuracy": 0.345, "image_quantity_level-Accuracy": {"Few": 0, "Medium": 0.3446327683615819, "Many": 0.34782608695652173}, "image_quantity_level-Result": {"Few": [0, 0], "Medium": [61, 177], "Many": [8, 23]}}