{"Rouge-L f": 0.36289649668696705, "image_quantity_level-Accuracy": {"Few": 0.36289649668696705, "Medium": 0, "Many": 0}, "image_quantity_level-Result": {"Few": [72.57929933739348, 200], "Medium": [0, 0], "Many": [0, 0]}}