{"Accuracy": 0.375, "image_quantity_level-Accuracy": {"Few": 0, "Medium": 0.47357293868921774, "Many": 0.007874015748031496}, "image_quantity_level-Result": {"Few": [0, 0], "Medium": [224, 473], "Many": [1, 127]}}