{"Accuracy": 0.595, "image_quantity_level-Accuracy": {"Few": 0, "Medium": 0.6074074074074074, "Many": 0.5692307692307692}, "image_quantity_level-Result": {"Few": [0, 0], "Medium": [82, 135], "Many": [37, 65]}}