{"Accuracy": 0.63, "image_quantity_level-Accuracy": {"Few": 0.6216216216216216, "Medium": 0.7333333333333333, "Many": 0}, "image_quantity_level-Result": {"Few": [115, 185], "Medium": [11, 15], "Many": [0, 0]}}