{"Accuracy": 0.22, "image_quantity_level-Accuracy": {"Few": 0, "Medium": 0.2641509433962264, "Many": 0.1702127659574468}, "image_quantity_level-Result": {"Few": [0, 0], "Medium": [28, 106], "Many": [16, 94]}}