{"Accuracy": 0.87, "image_quantity_level-Accuracy": {"Few": 0.8806818181818182, "Medium": 0.7916666666666666, "Many": 0}, "image_quantity_level-Result": {"Few": [155, 176], "Medium": [19, 24], "Many": [0, 0]}}