{"Accuracy": 0.48, "image_quantity_level-Accuracy": {"Few": 0, "Medium": 0.532258064516129, "Many": 0.39473684210526316}, "image_quantity_level-Result": {"Few": [0, 0], "Medium": [66, 124], "Many": [30, 76]}}