{"Accuracy": 0.23, "image_quantity_level-Accuracy": {"Few": 0, "Medium": 0.27358490566037735, "Many": 0.18085106382978725}, "image_quantity_level-Result": {"Few": [0, 0], "Medium": [29, 106], "Many": [17, 94]}}