{"Rouge-L f": 0.6287885242294966, "image_quantity_level-Accuracy": {"Few": 0.6287885242294966, "Medium": 0, "Many": 0}, "image_quantity_level-Result": {"Few": [125.75770484589928, 200], "Medium": [0, 0], "Many": [0, 0]}}