{"Accuracy": 0.32, "image_quantity_level-Accuracy": {"Few": 0.36363636363636365, "Medium": 0.29850746268656714, "Many": 0}, "image_quantity_level-Result": {"Few": [24, 66], "Medium": [40, 134], "Many": [0, 0]}}