{"Rouge-L f": 0.17991307629249575, "image_quantity_level-Accuracy": {"Few": 0.17991307629249575, "Medium": 0, "Many": 0}, "image_quantity_level-Result": {"Few": [35.98261525849915, 200], "Medium": [0, 0], "Many": [0, 0]}}