{"Rouge-L f": 0.16294889994900846, "image_quantity_level-Accuracy": {"Few": 0.16294889994900846, "Medium": 0, "Many": 0}, "image_quantity_level-Result": {"Few": [32.58977998980169, 200], "Medium": [0, 0], "Many": [0, 0]}}