{"Accuracy": 0.545, "image_quantity_level-Accuracy": {"Few": 0, "Medium": 0.5766423357664233, "Many": 0.47619047619047616}, "image_quantity_level-Result": {"Few": [0, 0], "Medium": [79, 137], "Many": [30, 63]}}