{"Rouge-L f": 0.1627231696190223, "image_quantity_level-Accuracy": {"Few": 0.1627231696190223, "Medium": 0, "Many": 0}, "image_quantity_level-Result": {"Few": [32.544633923804454, 200], "Medium": [0, 0], "Many": [0, 0]}}