{"Accuracy": 0.75, "image_quantity_level-Accuracy": {"Few": 0.772972972972973, "Medium": 0.4666666666666667, "Many": 0}, "image_quantity_level-Result": {"Few": [143, 185], "Medium": [7, 15], "Many": [0, 0]}}