{"Rouge-L f": 0.4570954469047095, "image_quantity_level-Accuracy": {"Few": 0.4570954469047095, "Medium": 0, "Many": 0}, "image_quantity_level-Result": {"Few": [91.41908938094187, 200], "Medium": [0, 0], "Many": [0, 0]}}