{"Accuracy": 0.45, "image_quantity_level-Accuracy": {"Few": 0, "Medium": 0.4482758620689655, "Many": 0.45454545454545453}, "image_quantity_level-Result": {"Few": [0, 0], "Medium": [65, 145], "Many": [25, 55]}}