{"Accuracy": 0.77, "image_quantity_level-Accuracy": {"Few": 0.8181818181818182, "Medium": 0.746268656716418, "Many": 0}, "image_quantity_level-Result": {"Few": [54, 66], "Medium": [100, 134], "Many": [0, 0]}}