{"Rouge-L f": 0.14799327875038512, "image_quantity_level-Accuracy": {"Few": 0.14799327875038512, "Medium": 0, "Many": 0}, "image_quantity_level-Result": {"Few": [29.598655750077018, 200], "Medium": [0, 0], "Many": [0, 0]}}