{"Accuracy": 0.51, "image_quantity_level-Accuracy": {"Few": 0, "Medium": 0.5037037037037037, "Many": 0.5230769230769231}, "image_quantity_level-Result": {"Few": [0, 0], "Medium": [68, 135], "Many": [34, 65]}}