{"Accuracy": 0.265, "image_quantity_level-Accuracy": {"Few": 0, "Medium": 0.33962264150943394, "Many": 0.18085106382978725}, "image_quantity_level-Result": {"Few": [0, 0], "Medium": [36, 106], "Many": [17, 94]}}