{"Accuracy": 0.615, "image_quantity_level-Accuracy": {"Few": 0.6108108108108108, "Medium": 0.6666666666666666, "Many": 0}, "image_quantity_level-Result": {"Few": [113, 185], "Medium": [10, 15], "Many": [0, 0]}}