{"Accuracy": 0.645, "image_quantity_level-Accuracy": {"Few": 0, "Medium": 0.6693548387096774, "Many": 0.6052631578947368}, "image_quantity_level-Result": {"Few": [0, 0], "Medium": [83, 124], "Many": [46, 76]}}