{"Accuracy": 0.295, "image_quantity_level-Accuracy": {"Few": 0, "Medium": 0.23448275862068965, "Many": 0.45454545454545453}, "image_quantity_level-Result": {"Few": [0, 0], "Medium": [34, 145], "Many": [25, 55]}}