{"Accuracy": 0.295, "image_quantity_level-Accuracy": {"Few": 0, "Medium": 0.26666666666666666, "Many": 0.2972972972972973}, "image_quantity_level-Result": {"Few": [0, 0], "Medium": [4, 15], "Many": [55, 185]}}