{"Accuracy": 0.33, "image_quantity_level-Accuracy": {"Few": 0, "Medium": 0.2896551724137931, "Many": 0.43636363636363634}, "image_quantity_level-Result": {"Few": [0, 0], "Medium": [42, 145], "Many": [24, 55]}}