{"Accuracy": 0.32, "image_quantity_level-Accuracy": {"Few": 0.4166666666666667, "Medium": 0.23076923076923078, "Many": 0}, "image_quantity_level-Result": {"Few": [40, 96], "Medium": [24, 104], "Many": [0, 0]}}