{"Accuracy": 0.203125, "image_quantity_level-Accuracy": {"Few": 0.7, "Medium": 0.3384615384615385, "Many": 0.041176470588235294}, "image_quantity_level-Result": {"Few": [14, 20], "Medium": [44, 130], "Many": [7, 170]}}