{"Accuracy": 0.46, "image_quantity_level-Accuracy": {"Few": 0.4602272727272727, "Medium": 0.4583333333333333, "Many": 0}, "image_quantity_level-Result": {"Few": [81, 176], "Medium": [11, 24], "Many": [0, 0]}}