{"Rouge-L f": 0.3225352251854358, "image_quantity_level-Accuracy": {"Few": 0.3225352251854358, "Medium": 0, "Many": 0}, "image_quantity_level-Result": {"Few": [64.50704503708718, 200], "Medium": [0, 0], "Many": [0, 0]}}