{"Accuracy": 0.44, "image_quantity_level-Accuracy": {"Few": 0, "Medium": 0.4233576642335766, "Many": 0.47619047619047616}, "image_quantity_level-Result": {"Few": [0, 0], "Medium": [58, 137], "Many": [30, 63]}}