{"Accuracy": 0.46, "image_quantity_level-Accuracy": {"Few": 0.5416666666666666, "Medium": 0.38461538461538464, "Many": 0}, "image_quantity_level-Result": {"Few": [52, 96], "Medium": [40, 104], "Many": [0, 0]}}