{"Accuracy": 0.335, "image_quantity_level-Accuracy": {"Few": 0, "Medium": 0.3107344632768362, "Many": 0.5217391304347826}, "image_quantity_level-Result": {"Few": [0, 0], "Medium": [55, 177], "Many": [12, 23]}}