{"Rouge-L f": 0.04469511582234329, "image_quantity_level-Accuracy": {"Few": 0.04469511582234329, "Medium": 0, "Many": 0}, "image_quantity_level-Result": {"Few": [8.93902316446866, 200], "Medium": [0, 0], "Many": [0, 0]}}