{"Accuracy": 0.04833333333333333, "image_quantity_level-Accuracy": {"Few": 0, "Medium": 0.0613107822410148, "Many": 0.0}, "image_quantity_level-Result": {"Few": [0, 0], "Medium": [29, 473], "Many": [0, 127]}}