{"Accuracy": 0.515, "image_quantity_level-Accuracy": {"Few": 0, "Medium": 0.5111111111111111, "Many": 0.5230769230769231}, "image_quantity_level-Result": {"Few": [0, 0], "Medium": [69, 135], "Many": [34, 65]}}