{"Rouge-L f": 0.16239797640337086, "image_quantity_level-Accuracy": {"Few": 0.16239797640337086, "Medium": 0, "Many": 0}, "image_quantity_level-Result": {"Few": [32.47959528067416, 200], "Medium": [0, 0], "Many": [0, 0]}}