{"Rouge-L f": 0.16584017660884343, "image_quantity_level-Accuracy": {"Few": 0.16584017660884343, "Medium": 0, "Many": 0}, "image_quantity_level-Result": {"Few": [33.168035321768656, 200], "Medium": [0, 0], "Many": [0, 0]}}