{"Accuracy": 0.41, "image_quantity_level-Accuracy": {"Few": 0.42424242424242425, "Medium": 0.40298507462686567, "Many": 0}, "image_quantity_level-Result": {"Few": [28, 66], "Medium": [54, 134], "Many": [0, 0]}}